{
	"partitions" : [
		{
			"name" : "Top",
			"pins" : [
				{
					"name" : "output_bit",
					"strict" : false
				},
				{
					"name" : "o_bit0",
					"strict" : false
				},
				{
					"name" : "o_bit1",
					"strict" : false
				},
				{
					"name" : "o_bit2",
					"strict" : false
				},
				{
					"name" : "input_bits[0]",
					"strict" : false
				},
				{
					"name" : "input_bits[1]",
					"strict" : false
				},
				{
					"name" : "input_bits[2]",
					"strict" : false
				},
				{
					"name" : "input_bits[3]",
					"strict" : false
				},
				{
					"name" : "i_bit0",
					"strict" : false
				},
				{
					"name" : "i_bit1",
					"strict" : false
				},
				{
					"name" : "i_bit2",
					"strict" : false
				}
			]
		}
	]
}